lastname,firstname,email
Anderson,Janet,janderson0@cbslocal.com
Bryant,Angela,abryant1@eepurl.com
Vasquez,Billy,bvasquez2@huffingtonpost.com
Russell,Gloria,grussell3@ycombinator.com
Clark,Nicole,nclark4@unesco.org
Edwards,Billy,bedwards5@about.com
Arnold,Christopher,carnold6@ifeng.com
Wells,Randy,rwells7@clickbank.net
Clark,Jennifer,jclark8@whitehouse.gov
Foster,Ralph,rfoster9@google.com
Kelley,Brian,bkelleya@sciencedaily.com
Jordan,Betty,bjordanb@unesco.org
Parker,Craig,cparkerc@imdb.com
Fields,Shawn,sfieldsd@addthis.com
Walker,Carol,cwalkere@lulu.com
Turner,Maria,mturnerf@dedecms.com
Alvarez,Jeremy,jalvarezg@state.gov
Reed,Stephanie,sreedh@fema.gov
Chapman,David,dchapmani@g.co
Porter,Gerald,gporterj@nydailynews.com
Johnson,Angela,ajohnsonk@jalbum.net
Oliver,Gary,goliverl@merriam-webster.com
Ferguson,Beverly,bfergusonm@biglobe.ne.jp
Watkins,Diane,dwatkinsn@reverbnation.com
Vasquez,Debra,dvasquezo@stanford.edu
Mason,Barbara,bmasonp@columbia.edu
Moreno,Emily,emorenoq@blogtalkradio.com
Ramos,Chris,cramosr@latimes.com
Arnold,Nicole,narnolds@newyorker.com
Williamson,Mark,mwilliamsont@elegantthemes.com
Ray,Marie,mrayu@seesaa.net
Adams,Debra,dadamsv@virginia.edu
Reid,Johnny,jreidw@instagram.com
Gutierrez,Keith,kgutierrezx@e-recht24.de
Lawrence,Adam,alawrencey@4shared.com
Holmes,Louise,lholmesz@hibu.com
Johnston,Edward,ejohnston10@liveinternet.ru
Peterson,Sharon,speterson11@elegantthemes.com
Nguyen,Scott,snguyen12@fastcompany.com
Howard,Bonnie,bhoward13@army.mil
Webb,Eugene,ewebb14@xing.com
Ortiz,Donald,dortiz15@ucla.edu
Lee,Andrew,alee16@icio.us
Jacobs,Carl,cjacobs17@51.la
Simmons,Doris,dsimmons18@bing.com
Dunn,Anthony,adunn19@whitehouse.gov
Hart,Janice,jhart1a@google.co.jp
Simpson,Chris,csimpson1b@themeforest.net
Bradley,Sharon,sbradley1c@pbs.org
Collins,Eric,ecollins1d@epa.gov
Gordon,Ann,agordon1e@biglobe.ne.jp
Ferguson,Andrea,aferguson1f@usda.gov
Simmons,Nancy,nsimmons1g@earthlink.net
Duncan,Susan,sduncan1h@elegantthemes.com
Alvarez,Lori,lalvarez1i@utexas.edu
Hill,Wayne,whill1j@smh.com.au
Marshall,Michelle,mmarshall1k@netscape.com
Greene,Henry,hgreene1l@vistaprint.com
Murphy,Todd,tmurphy1m@accuweather.com
Rivera,Brian,brivera1n@alexa.com
Boyd,Robert,rboyd1o@mit.edu
Peterson,Jean,jpeterson1p@noaa.gov
Dunn,Julie,jdunn1q@businesswire.com
Richardson,Alan,arichardson1r@goo.ne.jp
Gardner,Jean,jgardner1s@booking.com
Chavez,Lisa,lchavez1t@dot.gov
Snyder,Benjamin,bsnyder1u@weebly.com
Mason,Christopher,cmason1v@blinklist.com
Miller,Randy,rmiller1w@sfgate.com
Fernandez,Sharon,sfernandez1x@ehow.com
Price,Roy,rprice1y@amazonaws.com
Hall,Betty,bhall1z@ustream.tv
Arnold,Tina,tarnold20@accuweather.com
Mcdonald,Judy,jmcdonald21@digg.com
Ferguson,Eugene,eferguson22@github.com
Austin,Alan,aaustin23@dmoz.org
Bowman,Diane,dbowman24@symantec.com
Carpenter,Debra,dcarpenter25@mapy.cz
